job_title,place,company,salary,job_info
徵的在找你🔍行銷人才✨房仲業務員【住商嶺東科大店】,台中市南屯區,住商不動產(加盟店聯合徵才) (中彰投區),論件計酬 3萬~100萬元,"🔊保證只要你肯做【年薪破百不是夢】
你還在找你的伯樂嗎🖐
誠徵房地產千里馬新秀🤙
是人才卻沒舞台嗎!!!!?
✨✨✨✨歡迎加入我們的大家庭✨✨✨✨

⭕【超級業務的成就動機】，正確的工作態度、用對的方法做事不讓你徒勞無功
⭕ 強大的主管+金牌祕書+超強活力業務群=讓您服務客人時無後顧之憂
⭕ 主管手把手教學，密集教育訓練，不怕什麼都不會
⭕ 大台中的發展趨勢與嶺東商圈發展趨勢課程
⭕【賣方開發】在地深耕超強大資源
⭕【買方開發】無限量供應用具、器材
⭕【絕對成交】銷售、開發課程主管強力指導
⭕【大數據資料庫】強大資源讓你第一手掌握
⭕ 720度【VR實景看屋】銷售最佳利器，業界首創
⭕【謄本資料庫】節省業務支出
⭕ 最齊全的【網路廣告】雪花片片
⭕【成交流程】細節解說與實際帶領
⭕【口碑行銷】在地深耕7年，人人稱讚
⭕【優渥獎金】每月開發獎金、銷售獎金、半年國內外不定期員工旅遊、生日餐會
     🌟福利好真的不怕你比較🌟

...過著安逸的日子，卻入不敷出但又想要買房買車過財富自由的日子嗎?
來來來👋👋👋
只要你有一顆企圖心、上進心，不怕沒經驗不行!只要你願意相信肯付出必定有甜美果實💥

 歡迎社會新鮮人、二度就業、同業菁英、超級業務加入我們的團隊!!
讓你體驗不一樣的 #業務人蔘 (註:業務人蔘越吃越補)

心態轉變，專業成長，自信提升
不要局限自己所有的做不到，只要你想要改變，沒有達不到的夢想人生輕型機車輕型機車"
Ad2iction 誠徵 軟體開發高手(PHP),台北市松山區,艾迪英特股份有限公司,月薪 5萬~9萬元,"工作內容：（與你可以學到的）
網站前後端規劃、開發與維護 (網站開發前後端先進技術的概念、工具與實戰經驗)
參與規劃開發跨境內容管理平台（Content Management Platform)，整合全球分散的行動數據資源，並學習如何優化系統及提供互動行為分析報表
了解數位廣告即時競價系統與廣告投遞機制
巨量資料處理與分析統計"
【資訊-2022研發團隊】程式設計人員 - C#、ASP.NET、WEB、APP Developer,台北市松山區,群益金鼎證券股份有限公司(群益金鼎證券),月薪 3.5萬~10萬元,"您有滿腔程式設計的真本事、好功夫嗎？群益證券熱情邀約明日之星、同業轉職、跨界菁英加入我們!薪資獎金只是基本款，津貼福利外加補助才夠看，我們誠摯地虛位以待，期待與您攜手並進，邁向金融科技菁英之路！

組別說明：
1.網站開發:ASP.NET、Html5+CSS3、JQuery
2.APP開發: iOS /Android
3.大數據分析:Python/MS SQL資訊管理學類,資訊工程學類"
行銷人才✨房仲業務員【住商嶺東科大店】,台中市南屯區,住商不動產(加盟店聯合徵才) (中彰投區),月薪 3萬元,"🔊保證只要你肯做【年薪破百不是夢】
你還在找你的伯樂嗎🖐
誠徵房地產千里馬新秀🤙
是人才卻沒舞台嗎!!!!?
✨✨✨✨歡迎加入我們的大家庭✨✨✨✨

⭕【超級業務的成就動機】，正確的工作態度、用對的方法做事不讓你徒勞無功
⭕ 強大的主管+金牌祕書+超強活力業務群=讓您服務客人時無後顧之憂
⭕ 主管手把手教學，密集教育訓練，不怕什麼都不會
⭕ 大台中的發展趨勢與嶺東商圈發展趨勢課程
⭕【賣方開發】在地深耕超強大資源
⭕【買方開發】無限量供應用具、器材
⭕【絕對成交】銷售、開發課程主管強力指導
⭕【大數據資料庫】強大資源讓你第一手掌握
⭕ 720度【VR實景看屋】銷售最佳利器，業界首創
⭕【謄本資料庫】節省業務支出
⭕ 最齊全的【網路廣告】雪花片片
⭕【成交流程】細節解說與實際帶領
⭕【口碑行銷】在地深耕7年，人人稱讚
⭕【優渥獎金】每月開發獎金、銷售獎金、半年國內外不定期員工旅遊、生日餐會
     🌟福利好真的不怕你比較🌟

...過著安逸的日子，卻入不敷出但又想要買房買車過財富自由的日子嗎?
來來來👋👋👋
只要你有一顆企圖心、上進心，不怕沒經驗不行!只要你願意相信肯付出必定有甜美果實💥

 歡迎社會新鮮人、二度就業、同業菁英、超級業務加入我們的團隊!!
讓你體驗不一樣的 #業務人蔘 (註:業務人蔘越吃越補)

心態轉變，專業成長，自信提升
不要局限自己所有的做不到，只要你想要改變，沒有達不到的夢想人生輕型機車輕型機車"
AI Optimization/Operations Research (OR) Scientist_Delta Research Center (Taipei,台北市內湖區,台達電子工業股份有限公司,面議（經常性薪資4萬/月含以上）,"「台達研究院」成立於2013年，除致力於大數據分析及物聯網應用與解決方案的開發與整合，加速企業轉型成功，也積極與產官學研生態體系協作，以開放創新模式，創造多贏生態圈。

在「台達研究院」之下，團隊專注在模擬最佳化、機器人演算法與知識工程，發展具商業價值的AI應用與解決方案。

本職缺主要工作內容:
1. 研究、設計、改良與開發最佳化演算法，提供合適的解決方案和服務
2. 運用最佳化與人工智慧技術包括(但不限於以下):
 模擬最佳化 Simulation-based Optimization
 作業研究 Operations research
 元啟發式演算法 Metaheuristic
 強化學習 Reinforcement Learning
3. 涵蓋的應用問題包括(但不限於以下):
 路徑規劃 Path Planning
 物流派送 Transportation
 設施規劃 Facility Planning & Design
 產能配置 Capacity Planning
 生產排程 Production Scheduling
 參數最佳化 Parameter Optimization
4. 跨功能與跨部門之溝通合作與專案管理工業工程學類,資訊管理學類,數學統計學門"
ERP系統流程專案管理(庫房),南投縣草屯鎮,環鴻科技股份有限公司(日月光集團_USI),面議（經常性薪資4萬/月含以上）,"1. Worldwild ERP/SAP系統庫房模組相關服務.
2. 協助庫房模組專案執行.
3. Worldwild 庫房流程整合,管控優化.
4. 一般庫房模組例行性事務處理.會計學類"
電話行銷人員-板橋,新北市板橋區,東森得易購股份有限公司(東森購物)(電視購物),"月薪 25,600元","1. 提供會員服務及商品活動訊息。
2. 透過電話行銷創造客戶需求，進行產品說明及銷售。
3. 專業商品售後服務，對與客戶維持良好互動。
4. 百分之百內勤電話開發工作，不用在外辛苦奔波。

【優渥獎金制度】
1. 業績獎金/激勵獎金/年度達標獎金/海外旅遊獎金/年資獎金等，快速累積百萬獎金!!
2. 每月平均獎金8萬元以上
3. 月薪百萬不是夢想!

【工作優勢】
1. 台灣知名電視購物及媒體高曝光度，銷售更輕鬆!
2. 提供大數據高優質會員名單服務（無須辛苦陌生開發）
3. 以關懷客戶商品使用情形後進行銷售，以提升銷售成交率
4. 商品具獨賣性，有效市場區隔，客戶接受度及商品獨佔性高!
5. 提供完整及專業的教育訓練

【福利制度】
1. 保障底薪。
2. 業績獎金＋激勵獎金＋年度達標獎金+海外旅遊獎金。
3. 年資滿一年另有年資獎金
4. 享三節禮金、生日禮金。
5. 特休優於勞基法，跨年即享特休。
6. 享有員購福利及不定期員工聚餐、員工休息室。
7. 為正式員工非派遣員工。
8. 健康檢查、社團活動、員工獎勵旅遊。

【工作具備條件】
1. 須口齒清晰、談吐流利、反應靈敏，具業務企圖心、高EQ以及高抗壓性。
2. 具國語及台語聽、說能力。
3. 中文打字每分鐘20字以上。
4. 高中職以上畢業。"
電話行銷人員-台中南屯,台中市南屯區,東森得易購股份有限公司(東森購物)(電視購物),"月薪 25,600元","1. 提供會員服務及商品活動訊息。
2. 透過電話行銷創造客戶需求，進行產品說明及銷售。
3. 專業商品售後服務，對與客戶維持良好互動。
4. 百分之百內勤電話開發工作，不用在外辛苦奔波。

【優渥獎金制度】
1. 業績獎金/激勵獎金/年度達標獎金/海外旅遊獎金/年資獎金等，快速累積百萬獎金!!
2. 每月平均獎金8萬元以上
3. 月薪百萬不是夢想!

【工作優勢】
1. 台灣知名電視購物及媒體高曝光度，銷售更輕鬆!
2. 提供大數據高優質會員名單服務（無須辛苦陌生開發）
3. 以關懷客戶商品使用情形後進行銷售，以提升銷售成交率
4. 商品具獨賣性，有效市場區隔，客戶接受度及商品獨佔性高!
5. 提供完整及專業的教育訓練

【福利制度】
1. 保障底薪。
2. 業績獎金＋激勵獎金＋年度達標獎金+海外旅遊獎金。
3. 年資滿一年另有年資獎金
4. 享三節禮金、生日禮金。
5. 特休優於勞基法，跨年即享特休。
6. 享有員購福利及不定期員工聚餐、員工休息室。
7. 為正式員工非派遣員工。
8. 健康檢查、社團活動、員工獎勵旅遊。

【工作具備條件】
1. 須口齒清晰、談吐流利、反應靈敏，具業務企圖心、高EQ以及高抗壓性。
2. 具國語及台語聽、說能力。
3. 中文打字每分鐘20字以上。
4. 高中職以上畢業。"
電話行銷人員-高雄,高雄市鹽埕區,東森得易購股份有限公司(東森購物)(電視購物),"月薪 25,600元","【工作內容】
1. 提供會員服務及商品活動訊息。
2. 透過電話行銷創造客戶需求，進行產品說明及銷售。
3. 專業商品售後服務，對與客戶維持良好互動。 
4. 百分之百內勤電話開發工作，不用在外辛苦奔波。

【優渥獎金制度】
1. 業績獎金/激勵獎金/年度達標獎金/海外旅遊獎金/年資獎金等，快速累積百萬獎金!!
2. 每月平均獎金8萬元以上
3. 月薪百萬不是夢想!

【工作優勢】
1. 台灣知名電視購物及媒體高曝光度，銷售更輕鬆!
2. 提供大數據高優質會員名單服務（無須辛苦陌生開發）
3. 以關懷客戶商品使用情形後進行銷售，以提升銷售成交率
4. 商品具獨賣性，有效市場區隔，客戶接受度及商品獨佔性高!
5. 提供完整及專業的教育訓練

【福利制度】
1. 保障底薪。
2. 高額業績獎金＋激勵獎金＋年度達標獎金+海外旅遊獎金。
3. 年資滿一年另有年資獎金
4. 享三節禮金、生日禮金。
5. 特休優於勞基法，跨年即享特休。
6. 享有員購福利及不定期員工聚餐、員工休息室、個人式包廂KTV、員工健身房。
7. 為正式員工非派遣員工。
8. 健康檢查、社團活動、員工獎勵旅遊。

【工作具備條件】
1. 具業務企圖心、高EQ以及高抗壓性。
2. 具國語及台語聽、說能力。
3. 中文打字每分鐘20字以上。
4. 高中職以上畢業。"
資深軟體工程師,台北市大安區,生禾禾科技實業股份有限公司,月薪 4.5萬元以上,"[初階條件]

	(1) 撰寫 PHP 程式 串聯 MySQL 資料庫 至少持續一年經驗。
        (2) 撰寫過 MVC 架構 網頁程式 至少持續一年經驗。
        (3) 熟悉 Java Script、CSS、jQuery 整合應用 至少持續一年以上經驗。
        以上三項為初階條件，為此職缺必備條件。

[進階條件]

	(1) 熟悉 CodeIgniter 框架，且持續參與撰寫程式、開發專案一年以上經驗。
        (2) 熟悉 Vue 框架，且持續參與撰寫程式、開發專案一年以上經驗。
        (2) 熟悉 Window Form 程式開發，有撰寫 串聯關聯式資料庫程式一年以上經驗。 
        (3) 熟悉 AWS (亞馬遜雲端系統)，且持續參與管理 EC2、RDS 等系統一年以上經驗。
        (4) 熟悉 AWS (亞馬遜雲端系統)，且參與過 EC2、RDS 版本升級 經驗。
        (5) 熟悉 AWS (亞馬遜雲端系統)，且參與過 EC2、RDS 系統災難復原經驗。
        (6) 具有資訊技術整合大數據分析經驗者 至少一年以上經驗。
	以上六項為進階條件，非必備； 具備以上六項經驗其中一項(含) 會額外加分。

[ 面試要項 ]
        (1) 因疫情影響，目前面試優先採用網路線上面試，本公司與您確認面試時間後，會發送 網路線上面試連結給您，請您自行準備妥善之電腦設備參加面試。"
品保課級儲備幹部,彰化縣溪州鄉,允強實業股份有限公司,面議（經常性薪資4萬/月含以上）,"-The applicant for section manager 
-More than 3 years of experience in quality management
-Ability to analyze big data with the aid of a statistics-based, analytical approach 
-Be familiar with problem-solving skills and deal with customer service events
-Coordinate the cross function issues and lead continuous improvement projects
-Talent for QC tools & methods 
-Excellent English in oral and written form材料工程學類,機械工程學類"
資料工程師_Data Engineer_汐止,新北市汐止區,GARMIN 台灣國際航電股份有限公司,面議（經常性薪資4萬/月含以上）,"With increasing velocities, varieties and complexity of data at PI, the PI Data Engineering Team becomes the important role supporting existed or new projects using big data techniques to manipulate large streaming/batch dataset with various format on highly efficient way.
 
【Responsibilities】
1. Design and implement data processing pipeline for ETL/ELT job on Hadoop and Spark eco-systems.
2. Ingesting data from different sources to Kafka and HDFS/HIVE.
3. Design appropriate data schema on NoSQL database for low latency query on large scale dataset.
4. Build web services to provide interface to access data stored in NoSQL or SparkSQL.

【Requirements】
1. 3 Years+ of working experience in programming. Well understanding of Scala and Java.
2. System design with Kafka, Spark, Hadoop, etc distributed services for various use cases
3. Understanding schema design with different NoSQL (Cassandra, Redis, and Elasticsearch).
4. Experiences on Cloudera/Hortonworks Hadoop Distributions.

**上班地點將於2022年間，調整至新北市新店區「寶高智慧產業園區」。工程學門,資訊管理學類,數學統計學門"
硬體網路工程師 (高雄),高雄市三民區,健康力科技股份有限公司,月薪 3萬~5萬元,"本職務內容主軸於：

※客戶端
1. 硬體網路設備維護(PC、印表機、網路等)。
2. 協助伺服器相關服務架設。
3. 協助進行公司開發之系統安裝與設定。
※公司端
1. 協助資訊設備管理。
2. 協助處理資訊設備及網路相關維護。
3. 協助伺服務相關服務架設。


––––-
北醫國際生技 Ｘ 綠杏事業 Ｘ 健康力集團 深度結盟合作，雙方交叉持股，攜手共同發展「醫藥聯網」，透過整合醫師看診系統、藥局資訊系統(HIS)、AI、大數據及個人健康管理的「智慧好醫APP」，串聯診所、藥局及民眾居家場域，提供線上線下全方位的健康照護與藥事諮詢服務。

如果你/妳自認具備【熱忱】、【追求極致】、【樂於團隊合作】的特質，
我們歡迎你/妳一起加入健康力科技的開發團隊，在這大家庭裡，你將會在專業開發顧問的協助下，與團隊一起打造極致又造福人群的未來明星產品。輕型機車,普通小型車,普通重機車"
資料分析師Data Analyst(新店),新北市新店區,裕融企業股份有限公司,面議（經常性薪資4萬/月含以上）,"1. 導入用戶瀏覽行為、出行、車輛生態圈等多項服務的內部數據，進行數據清洗、特徵工程，並運用統計、機器學習、深度學習或其他相關演算法，進行多項有趣的應用及預測，幫助車輛資源最大化。將數據與機器學習模型可視化處理，例如：使用Tableau、Metabase等。
2. 對各種領域知識，有強烈學習企圖，並與產品、系統開發團隊緊密合作，了解各產品的市場現況及迭代過程。想像力豐富，如何利用數據到各種不同的應用。
3. 善於說故事及表達，讓大家理解產出結果。"
內場人員––大碼頭美式手抓海鮮,桃園市中壢區,"君祥國際有限公司(御鼎軒紅白鍋,Big Pier 大碼頭美式海鮮手抓餐廳,TOBU飛ぶ)",月薪 3.3萬~4.2萬元,"公司樂於給予同仁專業培訓，使人材皆有良好適切的發展。
我們需要對服務有熱忱的你，快投遞履歷加入吧！(無經驗可)

＊到職滿3個月保證考核調薪！！

＊除了每月薪資外，每月還有全勤績效獎金及達標獎金，只要大家一起努力達成店目標，獎金多多多～

＊如果你還有語言強項，符合公司條件直接再加薪喔！！
––––––––––––––––––––––––––––-
【工作內容】

1. 負責洗、剝、削、切各種食材，以完成烹飪的前置工作。
2. 協助廚師測量食材的容量與重量。
3. 依照客人的點單，準備不同菜色所需要的食材。
4. 於出菜時負責菜餚擺盤或調整份量之工作。
5. 將洗好的餐盤收到儲藏櫃內，並在即將使用前預先加熱。
6. 負責前台與後台之訊息傳遞，隨時回報後台的出菜進度給餐廳經理。
7. 負責清理工作環境、設備及餐具。"
外場服務PT人員––大碼頭美式手抓海鮮,桃園市中壢區,"君祥國際有限公司(御鼎軒紅白鍋,Big Pier 大碼頭美式海鮮手抓餐廳,TOBU飛ぶ)",時薪 180元,"☀我們沒有趾高氣昂的老闆，老闆&同事之間更像朋友一樣，我們希望營造愉快的工作環境給大家^^，但是對於工作夥伴我們還是強烈需要有責任感的人喔！☀

公司樂於給予同仁專業培訓，使人材皆有良好適切的發展。
我們需要對服務有熱忱的你，快投遞履歷加入吧！(無經驗可)

＊除了每月薪資外，每月達成排班時數還有全勤績效獎金及達標獎金，只要大家一起努力達成店目標，獎金多多多～
––––––––––––––––––––––––––––-
【工作內容】
顧客接待,介紹帶位,櫃台結帳,環境維護,簡易飲料製作
(由主管帶領,有完整教育訓練,初次從事服務業者,也能安心工作)"
BI程式設計師(南投),南投縣草屯鎮,環鴻科技股份有限公司(日月光集團_USI),面議（經常性薪資4萬/月含以上）,開發大數據分析模組
111DK026-AI演算法應用開發工程師,高雄市楠梓區,財團法人金屬工業研究發展中心(金屬中心廣告),面議（經常性薪資4萬/月含以上）,"1.機器學習/深度學習/文字探勘演算法開發應用(R/Python)
2.大數據(Big Data)雲端系統開發(Hadoop/NoSQL)
3.Open Data分析及加值應用
4.系統分析及系統設計資訊管理學類,應用數學學類,數理統計學類"
S-AI數據策略研究員(投資顧問部),台北市中正區,永豐金融控股股份有限公司(永豐銀行/永豐金證券/永豐金租賃),面議（經常性薪資4萬/月含以上）,"•運用AI大數據，研究國內外產業與商品，協助自動化分析投資訊息，並自動化生產相關報告。
資格條件：
1. 具備基礎程式語言能力如VBA、Python、SQL者優先面試
2. 有投資經驗，具市場敏感性尤佳
3. 有證券、投顧及投信研究員經驗者尤佳
4. 具研讀英文報告能力尤佳證券商高級業務員,期貨商業務員,投信投顧相關法規（含自律規範）"
兼任研究助理,台北市大安區,國立臺灣大學,時薪 200~250元,"徵求會使用大數據分析方法的兼任研究助理, 每周工作十小時左右, 進行與政治傳播與假新聞相關研究. 特別歡迎對社會議題以及大數據分析有研究熱誠且誠懇的朋友加入研究團隊!數理統計學類,資訊科學學門,其他傳播及資訊學類"
運維工程師/資深工程師,台北市內湖區,順鴻科技有限公司,月薪 4萬~10萬元,"1.公司資訊安全機制檢核與維運
2.處理資訊安全及問題故障排除能力 
3.優化應用系統、完善監控、撰寫各種預備方案等
4.負責業務所需系統和平台搭建，以及持續的調整與優化
5.日常運維工作，包括部署、變更、 發布、故障處理等
6.日班:09:30-18:00(週休二日)
7.晚班:17:30-01:30(排休制，享額外夜班加給)

應徵條件: 
● 熟悉linux(CentOS)伺服器部署和監控的維護
● 熟悉nginx web伺服器配置及優化
● 熟悉tomcat，resin等java容器配置及優化
● 熟悉shell或python編寫伺服器腳本，維護伺服器
● 熟練mysql基礎使用，搭建主從及常見性能優化
● 熟悉redis等主流資料工具使用及集群配置
● 熟悉git jenkins docker zabbix主流開源軟體的搭建使用"
資深工程師(軟體),高雄市左營區,(健身工廠)柏文健康事業股份有限公司,面議（經常性薪資4萬/月含以上）,"【工作技能】
1.具備系統整合、規劃、開發及效能優化之經驗及能力.
2.整合內部需求，與廠家應對技術方案並督促協力廠商執行進度及技術品質.
3. 大數據集成分析及BI報表設計.

【職務要求】
1.俱備良好的協調溝通能力.
2.夥伴間互相精進技術能力.
3.專案分析整合與Web Application架構建置及開發經驗.
4.ANSI SQL經驗及優化能力.
5.零售服務業應用服務平台及第三方平台串接能力.
6. 熟悉BI報表設計平台MCSE,CCNA,CCNP,RHCE"
系統導入客服工程師 (高雄),高雄市三民區,健康力科技股份有限公司,"月薪 25,250~4萬元","本職務內容主軸於：
1. 醫療院所接洽。
2. HIS系統客服回覆。
3. 專案系統導入期程規劃。
4. 版本更新測試。

––-
北醫國際生技 Ｘ 綠杏事業 Ｘ 健康力集團 深度結盟合作，雙方交叉持股，攜手共同發展「醫藥聯網」，透過整合醫師看診系統、藥局資訊系統(HIS)、AI、大數據及個人健康管理的「智慧好醫APP」，串聯診所、藥局及民眾居家場域，提供線上線下全方位的健康照護與藥事諮詢服務。

如果你/妳自認具備【熱忱】、【追求極致】、【樂於團隊合作】的特質，
我們歡迎你/妳一起加入健康力科技的開發團隊，在這大家庭裡，你將會在專業開發顧問的協助下，與團隊一起打造極致又造福人群的未來明星產品。"
"【工業4.0】智慧製造系統開發工程師（VB.NET、C#）*到職滿6個月,留任獎金最高15,000* - 視訊面試",桃園市龜山區,欣興電子股份有限公司,月薪 3.2萬~7萬元,"1.生產資訊系統開發
2.大數據分析
3.機台防呆卡控
4. 系統化流程整合、分析、開發、導入
5. 生產排程/自動化派工技術研發與導入
6. 工廠數位化應用與推展

【加分項目】
1. VB.Net、C#、MS SQL Server、系統分析與程式設計能力。
2. 有MES系統維護經驗或現場製程經驗尤佳。資訊管理學類,電子工程學類,電機工程學類"
演算法應用工程師(影像_AI)_台達研究院(南科),台南市善化區,台達電子工業股份有限公司,面議（經常性薪資4萬/月含以上）,"「台達研究院」成立於2013年，除致力於大數據分析及物聯網應用與解決方案的開發與整合，加速企業轉型成功，也積極與產官學研生態體系協作，以開放創新模式，創造多贏生態圈。我們正在尋找對醫學資料數據處理和分析有熱忱的人員，開發相關解決方案。

本職缺主要工作內容:
1. 分析影像數據(包含影像前處理)，應用機器學習和深度學習等相關技術和演算法，實作相關解決方案
2. 影像相關演算法優化
3. 與其它團隊合作，佈署解決方案到裝置或軟體平台上資訊工程學類,其他醫藥衛生學類,數理統計學類"
軟體工程師_10950,台北市北投區,和碩聯合科技股份有限公司(和碩集團),月薪 3萬~5萬元,"電腦中心負責統合生產製造流程的研發服務，本單位負責:
1. 各廠區行動化應用管理
2. 應用.NET Core/ Angular/ iOS/ Android等技術，研發各種創新行動化應用
3. 未來我們將導入AI技術，深化內部各面向之應用

開放認真的工作氣氛，歡迎願意成為全端化工程師的您一起加入!資訊管理學類,資訊工程學類"
店鋪規劃繪圖專員,台北市內湖區,健康力科技股份有限公司,月薪 3.5萬~4.5萬元,"本職務內容主軸於：
1. 店面配置規劃設計、繪製平面圖及3D圖。
2. 執行門市裝修時程規劃、施工進度掌控、工務協調、驗收執行、安全維護及維修管理。
3. 門市設備維護廠商詢價與發包。
4. 跨部門溝通與裝修工程專案整合。


––––-
北醫國際生技 Ｘ 綠杏事業 Ｘ 健康力集團 深度結盟合作，雙方交叉持股，攜手共同發展「醫藥聯網」，透過整合醫師看診系統、藥局資訊系統(HIS)、AI、大數據及個人健康管理的「智慧好醫APP」，串聯診所、藥局及民眾居家場域，提供線上線下全方位的健康照護與藥事諮詢服務。

如果你/妳自認具備【熱忱】、【追求極致】、【樂於團隊合作】的特質，
我們歡迎你/妳一起加入健康力科技的開發團隊，在這大家庭裡，你將會在專業開發顧問的協助下，與團隊一起打造極致又造福人群的未來明星產品。"
(院本部)網路數據分析實驗室_專案研究人員（台南）,台南市歸仁區,財團法人國家實驗研究院,面議（經常性薪資4萬/月含以上）,"1.資安卓越中心規劃建置計畫-網路數據分析實驗：
(1)網路數據分析與資通安全相關前瞻研究
(2)新世代網路暨智慧型應用系統之規劃設計與研發
2.資安卓越中心規劃建置事宜。電機工程學類,電子工程學類,資訊工程學類"
(院本部)網路數據分析實驗室_專案研究人員（台北）,台北市大安區,財團法人國家實驗研究院,面議（經常性薪資4萬/月含以上）,"1.資安卓越中心規劃建置計畫-網路數據分析實驗：
(1)網路數據分析與資通安全相關前瞻研究
(2)新世代網路暨智慧型應用系統之規劃設計與研發
2.資安卓越中心規劃建置事宜。電機工程學類,電子工程學類,資訊工程學類"
【全球移動人才招聘計畫】應用系統工程師_越南-SU_00000,東南亞越南,緯創資通股份有限公司(緯創資通),面議（經常性薪資4萬/月含以上）,"1、生產流程控制與系統運行日常監控， 基本資料維護；
2、協助用戶完成日常系統操作與教學；
3、解決使用系統的相關部門的合理需求, 提供有效的解決辦法；
4、系統問題收集，整理，分析和改善；
5、開發部門開發的程式測試,修改的程式測試並上線運維；資訊管理學類,資訊工程學類"
朝陽科技大學財務金融系助理教授級以上專案教師,台中市霧峰區,朝陽科技大學,月薪 7萬元以上,"凡具有大專院校教授、副教授、助理教授的身分，從事大專院校教學、研究與推廣的工作。

學歷/專長：
1.具國內博士學位或助理教授以上資格。
2.人工智慧、資料科學、大數據、機器學習、金融科技、永續金融等相關領域及其應用。 

應徵資料【恕不退還】
1.履歷(含二吋正面照片，須白底)、自傳及教師證書影本(如無則免)與其他可提供之資料(如獲獎證明等)。
2.學位證書及成績單影本(持國外學歷者，證書及成績單需經駐外單位驗證)。
3.應徵者檢附最高學歷論文，以及五年內相關作品、著作。
4.檢附推薦信函2封、研究領域與未來研究計畫，以及可授課之課程大綱。
5.國內(外)聯絡地址及電話、電子郵件。

應徵方式:
1.公告訊息(http://admin2.cyut.edu.tw/person/rctinfo_show.php?id=936)上之個人「應徵資料登錄表」請mail至人力資源處信箱（yu@cyut.edu.tw），主旨請填「應徵財務金融系助理教授級以上專案教師」。
2.請於111.3.25截止日前「掛號」郵寄(以郵戳為憑)應徵資料(恕不退還)，至413310臺中市霧峰區吉峰東路168號 人力資源處收(請註明應徵之系所)。

進度查詢：
1.郵寄進度請至中華郵政網路郵局查詢。
2.聘任進度及資料審查結果，請向徵聘系所查詢。
聯絡電話：04-23323000(總機)。財務金融學類"
PHP 後端工程師,桃園市楊梅區,揪愛購股份有限公司,面議（經常性薪資4萬/月含以上）,"【工作內容】
1. PHP 程式開發
2. 後端系統建置、串接、維謢網站機制架構
3. 日常網站營運維護及架構重構
4. 規劃實現Unit Test，自動化測試
5. 系統分析及系統資料結構開發
6. 協助編寫和技術開發相關文件
7. 其他主管交辦事項

【技術需求】
1. PHP開發經驗3年以上
2. MySQL資料庫開發經驗3年以上
3. 擁有API開發經驗
4. 熟悉基本Linux指令、Nginx、MVC 框架
5. 熟悉 Git 版本控制

【加分項目】
1.有大型網站或大數據處理經驗
2.瞭解MVC架構，PHP framework資訊工程學類"
PHP 後端(資深)工程師,彰化縣彰化市,揪愛購股份有限公司,月薪 5.8萬元以上,"【工作內容】
1. PHP 程式開發
2. 後端系統建置、串接、維謢網站機制架構
3. 日常網站營運維護及架構重構
4. 規劃實現Unit Test，自動化測試
5. 系統分析及系統資料結構開發
6. 協助編寫和技術開發相關文件
7. 其他主管交辦事項

【技術需求】
1. PHP開發經驗3年以上
2. MySQL資料庫開發經驗3年以上
3. 擁有API開發經驗
4. 熟悉基本Linux指令、Nginx、MVC 框架
5. 熟悉 Git 版本控制

【加分項目】
1.有大型網站或大數據處理經驗
2.瞭解MVC架構，PHP framework資訊工程學類"
F16 PIE METROLOGY SR. MANAGER,台中市后里區,台灣美光晶圓科技股份有限公司,面議（經常性薪資4萬/月含以上）,"Job Description
Metrology Senior Manager is responsible for oversees Metrology for OMT TC and/or TY, creating plans and continuously improving the performance of the Metrology Team that align with Business Plan, Strategies and Goals.

Responsibilities and Tasks
1.Collaborate with process engineering team to review and establish inline / offline process control
sampling criteria / plan for existing and new product
2.Identify Metrology gap, develop new metrology capabilities to improve detection capability
3.Collaborate Metrology learning and needs with network team
4.Liaise with Metrology vendors on tool benchmarking
5.Lead a team of Metrology personnel on RDA/Metrology tool development and subsequent
implementation to improve manufacturing process control leading to better product quality and
yield.
6.Develop team core skills in area of RDA/Metrology
7.Collaborate with key area partners to establish manufacturing operation needs to enable quick
reporting of data analytics in particular areas of concern
8.Develop Big Data analytic solution to analyze and link multiple data sources in Big Data platform
9.Establish key datasets for operational controls to drive down manufacturing cost, improve
manufacturing cycle time, product yield and quality
10.Create new visualization software that leverage machine learning and predictive analytic to bring
new insights and solution to the business
11.Build forecasting and optimization models using advanced procedures like statistical modeling
12.Perform research on new Big Data capabilities to better manage enormous data in a shorter time
for data analytics on complex datasets to enable output to be used to drive factory effectiveness
and efficiency
13.Collaborate with others on the network on BKM to enable effective use of factory data to create
new insights to business
14.Liaise with Big Data vendors on tool benchmarking
15.Oversee technical and career development of team members
16.Promote and enable a safe and positive working environment.
17.Establishing clear goals and challenging timelines for all area yield, process, equipment, and
integration concerns.
18.Manage, measure and monitor projects to ensure deliverables and time frames are met.
19.Develop a strong business relationship with all area Vendors.
20.Coordinate with Operation Central Team, Process Engineering (PE) Managers, Purchasing,
Process Integration (PI), Planning and Production on new tool purchases.
21.Provide communication to the WW team on lessons learned, best known methods (BKM), and
project status

Education
Required
Bachelors Degree or equivalent experience
• Degree in engineering, or a related science field, or an equivalent
• Added advantage in Semiconductor industrial statistical and metrology knowledge

Experience
Required
8 years experience in any of the following:
1.Demonstrated success in a Section Head or higher position.
2.Demonstrated success in a leadership position for a minimum of 3 years.工程學門,自然科學學門"
工研院產科國際所_政策研究員(0H100),新竹縣竹東鎮,財團法人工業技術研究院(工研院),面議（經常性薪資4萬/月含以上）,"加入產業科技國際策略發展所，成為國家級的產業智庫。

工作內容：
- 產業政策研究
- 產業競合分析
- 產業科技發展趨勢與前瞻研究
- 處理即時性政策交辦

我們目前正在尋找對國家政策有興趣的研究員，歡迎您來挑戰本項職務！

#關於我們
工研院產業科技國際策略發展所(簡稱:產科國際所)，是政府與產業均仰賴的智庫，結合產業研究與國際業務推動能量，以協助台灣產業布局全球市場為己任，以『促進台灣產業科技創新與價值提升』為願景。
旗下經營的IEK產業情報網已超過15年歷史，是國內產業情報資料庫的領導品牌。
IEK產業情報網：http://ieknet.iek.org.tw/企業管理學類,經濟學類,公共行政學類"
資深軟體工程師(S1-台北),台北市萬華區,凌群電腦股份有限公司,面議（經常性薪資4萬/月含以上）,"1. 新系統開發與建置，現有系統維護與功能開發. 
2. 有以下任何一項之開發經驗：ASP.NET、C#、 JAVA、 C/C++、 Angular JS、 Bootstrap、 JQuery 
3. 熟悉IIS 資料庫、 WEB程式開發、 API介面、 C# 、JAVA、語言 APP 開發、 CUBE、ETL數學統計學門,資訊科學學門,電算機學門"
中信房屋-高雄澄清加盟店-房屋銷售專員 ,高雄市三民區,中信房屋(加盟店聯合徵才)(中信),面議（經常性薪資4萬/月含以上）,"※房屋買賣仲介服務 
※土地買賣仲介服務 
※不動產租賃服務 
※學習市場行情
※不動產相關諮詢服務主要商品與服務
※優質團隊績優店，公司有完整專業知識職前訓練、國內外旅遊、年終獎金。
※直營體系，優先錄用!"
【信義居家】數位平台(APP&網站)客戶服務顧問,台北市信義區,信義房屋股份有限公司,面議（經常性薪資4萬/月含以上）,"【關於PropTech數位人才招募計劃】
信義企業集團的各項產品與計畫正融入大數據、機器學習與人工智慧等應用，我們的數位團隊也持續致力於「房地產科技創新」與「數位居住生活」兩大面向，以創新智能工具，為使用者提供超乎想像的服務體驗。
我們希望讓居住在這片土地上的人們，在「不動產交易買賣」與「居住生活日常」有更好的保障與體驗，也期待你與我們一起，加速這個改變。
這裡匯聚了40年的集團產業資源，以及多元化的人才；接下來，想邀請你加入，與我們一起創造超乎想像的體驗，成就即將到來的未來！

【數位平台—信義居家介紹】
信義房屋以協助客戶買賣二手屋，提供「好交易」聞名，很多客戶在成交後也都會和業務員請益有沒有什麼好的清潔、搬家、裝潢廠商。為此信義房屋延伸相關服務成立了「信義居家」的平台，我們聚焦以「家」的相關領域為核心，以「好生活」為目標，重視消費者對信義房屋的信任，持續為消費者實踐美好生活。
信義居家整合全方位居家生活服務，提供室內設計裝潢、修繕工程、清潔搬家等各式服務，嚴選全台優質廠商。

歡迎參考網站&APP
網站：https://living.sinyi.com.tw/
APP store 或 Play商店搜尋「信義居家」


1. 協助電商系統前後台操作與維運，持續優化使用者體驗
2. 提供服務諮詢、客戶關係與品質維護
3. 定期品質管理報表追蹤、財務報表統計
4. 部門專案協助執行
5. 專案工作追蹤事項表管理。"
台大化學系方頡睿老師誠徵專任研究助理 ,台北市大安區,國立臺灣大學,"月薪 32,446元","1.有機及主族化合物的合成與純化。
2.結構和性質鑑定。
3.研究數據的分析、記錄和溝通。
4.實驗室和儀器的一般維護。

Responsibilities:
1.Synthesis and purification of organic and main-group compounds
2.Structure and property characterization
3.Analysis, recording, and communication of research data
4.General upkeep of the laboratory and instrumentation化學學類"
Accounting Associate - 身心障礙人才招募,新竹縣寶山鄉,台灣積體電路製造股份有限公司(台積電)(台積電),面議（經常性薪資4萬/月含以上）,"TSMC為維護身心障礙者就業權益及善盡社會責任，特別規劃聘僱身障人才專區，歡迎領有身障手冊者加入TSMC的大家庭！

1. Compile and present reports, forecasts, budgets, business plans, and financial statements.
2. Provide financial information by researching and analyzing accounting data.
3. Perform ad hoc analysis and projects as requested.會計學類,財政學類,一般商業學類"
Software Engineering 軟體工程師 - Location: Tainan,台南市安定區,台灣應用材料股份有限公司,面議（經常性薪資4萬/月含以上）,"■ Key Responsibilities
1. Design and create software functions in real-time control.
2. Act as the representative during system level hardware/software integration, trouble shooting.
3. Participate in software quality assurance activities required by the software development process.
4. Provide escalation support to field service engineer; leading and coordinating remote/local troubleshooting.
5. Design test plans, collect and analyze data, publish results and recommendations in the form of applications notes,
best known methods.資訊工程學類,電機工程學類,電子工程學類"
F11 ME CMP Shift Equipment Engineer,桃園市龜山區,台灣美光晶圓科技股份有限公司,面議（經常性薪資4萬/月含以上）,"Jobs description
1.CMP Tool maintenance(polish head rebuilding, parts replacement, trouble shooting and schedule PM)
2.SPC, FDC dada analysis
3.Defect tracing and basic data reading
4.SOP, procedure modification
5.Working area environment safety check


Qualifications:
Successful candidates for this position will have
1.Electronics/Electrical circuit/Mechanical engineering knowledge
2.English speaking skills (TOEIC ＞ 450 recommended)
Education:
Bachelor‘s degree in Electrical Engineering, Computer Engineering, or a related discipline. (minimum requirement)工程學門,自然科學學門,數學統計學門"
Robotic System R&D Engineer_Transformable Intelligent Machine (Taipei),台北市內湖區,台達電子工業股份有限公司,面議（經常性薪資4萬/月含以上）,"In this role you will:
* Develop the PC-based control system for robotics application.
* Implement industrial robotic application systems based on Robot Operating System (ROS).
* Hands-on experience in implementing robotic systems, including control of robot arms, calibration of 2D/3D machine vision, I/O sensors, data acquisition, etc.
* Collaborate with various technical teams to explore, experiment and realize the smart manufacturing.
* Research and develop advanced technology related to intelligent machine (robot arm based).電子工程學類,電機工程學類,機械工程學類"
DRAM Product Engineer [DRAM 產品工程師] - High Performance Memory R&D,台中市后里區,台灣美光晶圓科技股份有限公司,面議（經常性薪資4萬/月含以上）,"As a Product Engineer in the HPM (High Performance Memory) team within the DRAM Engineering Group (DEG) at Micron Technology, Inc. in Taiwan, you will be part of a young and growing team, working on the fastest, most cutting-edge, most complex, and most challenging DRAM products in the world. You will be regularly interfacing and co-working with design teams, product teams, and various other teams in the US, Japan, Germany, and Taiwan. 
Currently the HPM portfolio consists of HBM and Graphics DDR (GDDR).

As part of the team, your responsibilities will be to:
Run simulations to validate proper functionality.
Create and maintain design documentation
Conduct EFA to debug and identify root cause for failures
Analyze parametric data and conduct statistical analysis and data mining
Implement fixes for fails (Design or Process)
Develop new test algorithms
Ensure that silicon meets product expectations
Develop, analyze, and optimize test flows in partnership with Testing department for all test steps.
Work with Application Engineers to evaluate and providing feedback on data sheets
Work with Quality Assurance (QA) Teams on customer returns to identify new tests and to ensure best in class reliability.
Work with various Engineering and Manufacturing groups to troubleshoot, develop and validate device testing programs
Work with Advanced Package team on novel packaging solutions.
Monitor yields and verify that yields meet projections
Serve as a product-specific lead
Provide technical assistance and guidance to other teams.
Receive technical training, either from within Taiwan or abroad. 

Successful candidates in this position will have the following attributes:
Being a quick learner
Excellent problem-solving and analytical skills
The ability to work in a team environment
Effective communication skills in written and spoken English
Self-motivation and enthusiasm
Good multitasking and organizational skills
Desire for innovation and continuous improvement.
Critical thinking.
Positive work attitude.
 
Preferred professional skills:
Programming skills/experience (Python a plus)
Logic gate and transistor operation knowledge
Circuit simulation or circuit debug skills/experience
Familiarity with DRAM operation a plus
Semiconductor process knowledge a plus

We are looking for all levels of experience, from new college grads to those with decades of experience.

Education:
Required: Bachelor’s Degree and above: Engineering or Computer Science related
Desired: Bachelor’s Degree: VLSI / Digital IC/ Programming工程學門"
Sr. Internal Auditor,台中市南屯區,瑞士商弗克司股份有限公司台灣分公司,面議（經常性薪資4萬/月含以上）,"Position Summary:
The Senior Internal Auditor will participate in large-scale engagements of company SOX activities with the support of the Director – Internal Audit. You will assist in the walkthrough, design and operating effectiveness documentation and testing of key SOX processes and drive the execution key process areas with external auditors. Will serve as a key contact and trusted business partner with business process owners, external auditors and other stakeholders, explaining the SOX audit process and scope, keeping management apprised of SOX audit progress and issues, and effectively delivering SOX audit results to all levels of management.

Position Responsibilities:
• Work with business process owners on controls documentation, review, testing and remediation
• Perform and document annual walkthroughs (test of design) of company’s business controls
• Manage performance and documentation of testing (test of effectiveness) of company’s business and IT general controls
• Support the Internal Audit Director in the overall execution of SOX program
• Coordinate SOX related activities with multiple stakeholders, timely performance of related activities to ensure flawless execution of the program
• Assist in the evaluation, monitoring, and findings resolution from internal and external audits
• Identify process/control deficiencies, recommend remediation plan, and monitor remediation progress一般商業學類,企業管理學類國際內部稽核師(CIA),高考會計師"
業務專員 Account Sales_10672,台北市北投區,和碩聯合科技股份有限公司(和碩集團),月薪 3萬~5萬元,"1. Handling OEM/ODM on broadband business as sustaining business management.
2. Be a team leader to coordinate internal team (factory, engineers, PMs to meet customer‘s demand.
3. Good at math and detail oriented on pricing data. High patience working on cost analysis and preparation.
4. Positive and aggressive working attitude.
5. Work on RFQ for new opportunities and maintain pricing for sustaining projects.
6. Able to negotiate for commercial subjects, legal documents at company‘s best interest.
7. Well control on the cost and minimize spending, so need to understand product cost structure, manufacture cost, cost related topics."
研發工程師【做二休二日班】,新竹市東區,和喬科技股份有限公司,"月薪 37,500~4.6萬元","1. 磁性開發相關之薄膜濺鍍機台操作 - Sputter machine operation for R&D purpose
2. 實驗及客戶送樣前之磁紀錄性質測試 - magnetic property test for experiment evaluation and customer sample verification
3. 測試資料初步整理 - preliminary data compilation
4. 簡單測試機台維護 - basic tester maintenance
5.做兩天休兩天輪班制，固定日班

***本公司配合政府安穩雇用政策,共可請領$20,000***物理學類,工程學門,工業技藝及機械學門"
PHP Web Developer - Fleetnetics,東南亞新加坡,DewTouch Innovations Pte Ltd,面議（經常性薪資4萬/月含以上）,"**** 防疫在家工作

Not every day a developer gets the opportunity to be part of the next big thing.

If you are smart, hungry and not shy of hard work, you might get the chance to play a key role in web development for one of Singapore’s leading fleet management system. (www.fleetnetics.com)

Fleetnetics empowers the rental, workshops and spare parts companies with the best in class automotive management platform, productivity services & connects them to their clients via our ecosystem.

With numerous end users who will experience the products you’ll build, you‘ll gain experience in a range of tools and use the latest web technologies including CakePHP, ReactJS, Bootstrap, HTML5, CSS3, advanced JavaScript.

Join our exciting, fast-growing international company, offering a friendly, informal and creative environment with many opportunities for personal and professional growth.

What you bring
2 years of experience with PHP - must
2 years of experience with JavaScript, Html, CSS, jQuery, Ajax – must.
Thorough understanding of MVC development methodologies – must
Thorough understanding of OOP – must.
Hands on experience with GITHUB – must.
Experience with CAKEPHP – considerable advantage.
Experience with REACT or VUE.JS – considerable advantage.
Experience with Databases, SQL, Bootstrap – advantage

What else
Practical coding experience
Autodidact, capable of learning complicated ideas independently
Team player


勾防疫在家工作

*************************
Our Director - Aik Boon, introducing DewTouch Innovations
https://youtu.be/V3-v0ym1Oow

How is life at DewTouch?
https://youtu.be/mwQX1WZ2VZk"
RC-SQE Engineer,新北市深坑區,泰金寶電通股份有限公司,月薪 3.1萬元以上,"•Carry out supplier validation audits, with supplier support and supplier advanced product quality planning (APQP)
•Provide concise, complete and accurate documentation of inspection results relative to areas regulations, engineering product specifications or Control Plans, Production Part Approval Process (PPAP) approval or product warrant submission
•Work with Engineering (Design and Manufacturing Engineers) team to define process parameters and criteria to ensure supplier process capability is effective to meet product and process requirements
•Lead the supplier approval process by assessing manufacturing/technology capabilities and Health, Safety and Environmental risks
•Support new product launches to ensure that supplier quality meets the required standards
•Facilitate root cause analysis and corrective actions of supplier quality issues
•Perform on-site supplier visits for root cause analysis and verification of correction actions of supplier quality issues
•Collate and evaluate supplier quality data to identify process improvement opportunities within the supply chain"
SF1002 智慧型裝置事業群-MD課級主管 (手機產品/平鎮),桃園市平鎮區,仁寶電腦工業股份有限公司,面議（經常性薪資4萬/月含以上）,"1. Lead MD team :
a. Included FATP and NPI working item
b. Co-work with MERD for FATP problem
c. Fail analysis and tracking for FATP MIL issue
d. AE/ME Equipment & Fixture design and optimization (discussion with MERD or Customer)
e. AE/ME Equipment & Fixture design schedule tracking (discussion with MERD or Customer)
f. Review supplier DFM (〝〝Customer master equipment list〝〝)
g. Lead equipment & Fixture DRI for setup, dry run data collection and review UPH/speed/stop line rate with vendor (discussion with MERD or Customer)
h. Set up checking , include layout and construction
i. Reporting, Regular meeting join and total ownership
2. Project of Equipment & Fixture improvement, new technical
3. Cowork with customer to handle PCP/CVC EQ & Fixture demand and schedule.
4. Cowork with customer or MERD to define the FBU spec and review the FBU result.

*須配合越南短期出差 (越南-永福省)電子工程學類,電機工程學類,機械工程學類"
iOS Developer,台北市信義區,股股金融科技股份有限公司(股股),月薪 6萬~8萬元,"加入股股 🐣

讓你一邊工作，一邊成為投資達人！

認真工作老闆幫你加薪 ❤️ 投資美股再幫自己加薪 💰

__________________________________________________

【What you’ll do day-to-day】

・Work with a fast-growing team to revolutionize finance at speed and scale

・Build smooth, stable, and elegant products with Swift and the newest iOS and watchOS APIs

・Own features from inception to design, implementation, and launch

・Work cross-functionally with Product Designers, Product Managers, Backend Engineers, and Data Engineers

【Requirement】

・At least 3 years of professional iOS development experience

・Proficiency with Swift or Objective-C

・Deep understanding of UIKit

・Strong product sense and ability to collaborate with Product Managers and Designers

・Excellent communication skills and passion for solving tough technical problems

・Bachelor’s degree in Computer Science or a related field preferred; equivalent training or work experience also acceptable"
F16-Metrology Application Engineer,台中市后里區,台灣美光晶圓科技股份有限公司,面議（經常性薪資4萬/月含以上）,"Job Description:
1. Develop, analyze and implement metrology measurement techniques in films with a primary focus on lithography overlay, CD-SEM. Also need to cover ellipsomtery/scatterometry characterization, modeling; XRF, and surface profiling techniques.
2. Drive for the continuous development to support process programs, NPI and mass production.

Responsibilities and Tasks:
1. Be constantly engaged in the Fab operation and performing tasks to improve quality, reduce cost, reduce cycle time, and improve yield. Detailed analysis of next generation measurement capabilities as well as coordinating evolutionary programs.
2. Demonstrates an understanding of how current process is affected by previous processing, and how current processing may affect subsequent processing. Collaborate with PQA on developing detection strategies to reduce Quality Risk.
3. Use statistical process control and data analysis programs to optimize sampling plan to enhance capacity utilization.
4. Ability to troubleshoot programs and applications and provide technical solutions.數學統計學門,電算機學門,工程學門"
【在台灣工作】Procurement Assistant,台南市中西區,美商億業有限公司台灣分公司(1A Auto Inc),月薪 2.8萬~3萬元,"General Responsibilities

•	Assures the company KPIs for lead time and on time performance are 
        tracking to achieve the company Rocks.
•	Works with suppliers to oversee supplier held inventory to assure proper 
        levels of inventory are maintained at the suppliers.
•	Works with suppliers to reduce lead time through effective inventory and 
        ordering tactics.
•	Monitors the supplier system to assure it is effectively used by all identified 
        suppliers and works with the suppliers to assure timely and accurate posting 
        of data.
•	Executes the 1A ordering program.
•	Assures all ordering protocols are properly carried out.
•	Interfaces with the Logistics team in regard to the open order report.  
        Identifies reason codes for late or back orders.
•	Coordinating with PD & 1A Purchasing on vendor items/purchase
o	Vendor part number, MOQ, specification, & price updates
•	Oversee system accuracy to assure all vendor updates (pricing, vendor SkU) 
        are updated in the system商業及管理學門輕型機車,普通重機車"
客戶關係組組長,台北市信義區,耐斯醫美診所,面議（經常性薪資4萬/月含以上）,"本職務需直接領導行銷部門客戶關係組，任務為提升會員滿意度、忠誠度及回購率，鞏固會員終生價值。
主要任務包涵：
1.協調行銷部及營業部，執行會員滿意度提升方案
2.會員忠誠度計劃優化及執行
3.缐上/缐下會員回饋活企劃及執行
4.會員線上客服流程監督及優化
5.產品電商整體績效提升
6.會員終身貢獻度提升計劃

Strong analytical skills on CRM data base is a must.
限具美業、飯店業或其他高端服務業會員經營或再行銷經驗者。"
金融數據產品高級專員Finance Product Specialist,台北市大同區,烽泰科技有限公司,月薪 4萬~5萬元,"1.金融商品調查與相關參數制定、上下架、追蹤排程控管進度、運用各式分析工具強化自動效果。
2.產製各式相關分析報告，包括如交易環境、競爭者分析等。
3.跨前後台部門溝通，協調與解決各式相關問題。
4.團隊合作處理繁複任務，以達成目標和上級安排其他工作/專案。
––––––––––––––––––––––––––––––––––––––––––––––––––––––––––––––––––––––––––––––––––––––––
1.Apply in-depths analysis in new product design and optimisation.
2.Prepare various periodic product review reports with detailed analytics, such as spreads, trading environment and competitor‘s analysis.
3.Resolve complicated trade related enquiries from client services and front desk managers.
4.Ability to work with large complex data sets and solve complex analytic problems is an advantage but not essential."
國際營運業務副理,彰化縣彰化市,優克美有限公司,面議（經常性薪資4萬/月含以上）,"YCM 在找一群志同道合的夥伴，如果您熱愛與人接觸，願意接受任何挑戰，無所畏懼，歡迎您加入: 需要有業務經驗且有管理4人以上的團隊經驗，樂於學習並願意改變調整。

如果每日想要於舒適圈工作，害怕於人群中主動發聲，不想有任何改變的朋友們，請勿投遞喔! 感謝您!

1. Plentiful practical experiences and ability to develop business/clients successfully.
2. Great ability of handling foreign business and develop foreign markets
3. Customers relationship maintenance
4. Good Data analyzing and integrating ability
5. Assist and handle the work assigned by supervisors
6. Independent working ability
7. More than 3 years of experience in developing foreign market一般商業學類,貿易學類輕型機車,普通重機車"
工程師-身心障礙人才招募,新竹市東區,台灣積體電路製造股份有限公司(台積電)(台積電),面議（經常性薪資4萬/月含以上）,"TSMC為維護身心障礙者就業權益及善盡社會責任，特別規劃聘僱身障人才專區，歡迎領有身障手冊者加入TSMC的大家庭!

• Job Description
1. Job Content：(TSMC Operations Engineer Job Vacancies)
- Process Integration Engineer
• To be responsible for helping to drive process/device development and optimization of Flash/CMOS/RF devices in order to meet scaling, performance, reliability, and manufacturability requirements.
• Identify and solve IC process and device problems.
- Process Engineer
• Develop and sustain process technologies for flash memory and logic products.
• Working with different teams or external suppliers to drive integrated module development, control and improvements.
• Be responsible for daily operations, such as fine-tune recipe, prepare engineering reports, process and equipment troubleshooting.
• Need to work in Fab clean room and be familiar with operating equipment and organizing data
2. Work Schedules：Normal Shift, Process Engineer has Daily 3-shift schedule (Evening shift)機械工程學類,材料工程學類,化學工程學類"
Inside Sales (華亞科技園區),桃園市龜山區,香港商立德國際商品試驗有限公司桃園分公司,月薪 3.2萬~4.5萬元,"☉ Objectives:
- To work together with Sales, develop and maximize business opportunities, ensure the business growth and achieve company goal
- To work together with Sales, build and strengthen mutually beneficial customer relationships with a strong and long term commitment
- Manage small and repeat orders

☉ Duties & Responsibilities:
* Sales Support
- Be the contact point on behalf of the sales
- Assist to RFQ/Inquiry follow up
- Pipeline Management – opportunity creation, follow-up, customer information update
- Generate quotation for regular services
- Business data analysis and sales regular report to customers
- Assist to collect and forecast the project service demand
- BV System and Tools management (Bisnet, IA Tool, Salesforce…)

* Customer Satisfaction
- Delivery the good quality responses to customers with on time and accurate manners
- Perform a professional and positive support role in terms of communicating with customers
- Policy of BV CPS
o Follow the company quality system and adhere to BV CPS quality requirements
o Fully comply with the requirements of the Bureau Veritas Code of Ethics"
數據分析/處理人員(台北)，顧客智識與消費行為研究組，顧問服務部,台北市大安區,( STORM CRM Consulting Inc. 伺動顧客關係行銷顧問)伺動行銷科技股份有限公司,面議（經常性薪資4萬/月含以上）,"【職務說明】
-個人特質：首重表達方面之邏輯思考、解讀數據能力
-MS EXCEL/PowerPoint能力：商業數據統計並撰寫建議報告
-專案執行：提供品牌客戶數據資料以及建議
-團隊合作：部門內、跨部門溝通協調能力

※補充說明
-PPT報告以視覺化圖表、中/英文撰寫專業建議
-具口說簡報能力

具以下經驗者佳
- 數理統計理論基礎
- 行銷/廣告/公關相關數據分析經驗
- 品牌顧客關係管理經驗者
- 資料庫(DB)設計及資料庫查詢語言(SQL Statement) 使用能力
- BI工具 ，如：Tableau/QlikView/Oracle/Power BI Data visualization數理統計學類,行銷與流通學類,資訊管理學類"
遊戲產業_技術主管(3004443),台北市內湖區,(獵頭)Accurate愛客獵股份有限公司(1111 高階獵才),面議（經常性薪資4萬/月含以上）,"1. 負責公司的技術方向、技術規劃與運籌實施。
2. 管理技術部門並組織實施年度工作計畫，完成年度任務目標。
3. 制定工作計畫、並做好產品概念界定、原型並規劃產品方向。
4. 指導、審核項目總體技術方案，對各項目進行最後的品質評估。
5. 指導並參與完成產品的需求分析和概要設計，組織並參與技術攻關。
6. 負責整個專案的系統規劃、專案細分，並制定專案任務和專案進度表。
7. 參與整個項目核心框架的設計，並完成核心代碼的設計。
8. 完成上級領導交辦的其他工作。"
數位行銷CRM資深主任_知名服飾品牌 (3005704),台北市松山區,(獵頭)Accurate愛客獵股份有限公司(1111 高階獵才),面議（經常性薪資4萬/月含以上）,"職責要求
* 針對會員消費習性，運用CRM工具，規劃跨渠道會員溝通路徑
* 會員及商品標籤tag系統規格制定，與工程師討論標籤專案導入及優化
* 與行銷團隊協作優化各式會員溝通素材
* 跨渠道的會員溝通管理，包括EDM、簡訊、Web Push、LINE、APP等
* 監控會員資料庫統計大數據，和客戶建議，設定受眾、進行成效分析、提出優化建議

 任職資格
* 電商經驗三年以上,CRM經驗兩年以上"
派遣_工研院/資通所_專案管理師(W2),新竹縣竹東鎮,(派遣)東慧國際諮詢顧問股份有限公司,月薪 2.9萬~5萬元,"1.協助政府單位專案計畫執行、資訊蒐研、報告撰寫、簡報製作。
2.協助專案申請書撰寫、進度追蹤管控、彙整計畫書/研究報告等計畫相關文件。
3.業務相關會議與活動規劃及執行。
4.協助計畫經費管控、費用結報工作。
5.其他主管交辦業務。

*為長期派遣性質工作
*加班部份依法給付，差旅費用實報實銷 

【※可享福利】 
*依法足額投保勞健保及勞退，並且另享團保 
*享有年終、績效獎金；中秋&端午佳節禮盒；院內年度體檢 
*另提供其他津貼項目 
*院內設有員工餐廳 
*外縣市人員可申請院內宿舍TOEIC多益 (Green470-725分)"
廣告主管_知名電商 (3005745),台北市內湖區,(獵頭)Accurate愛客獵股份有限公司(1111 高階獵才),面議（經常性薪資4萬/月含以上）,"職責要求
1. FB、IG、Google等平台廣告投放規劃、操作管理、成效追蹤及數據分析
2. 行銷資源整合，策略制定及預算規劃
3. 善用大數據分析進行平台優化，提供消費者最好的購物體驗

 任職資格
1. 具電商平台營運/行銷實務經驗3年以上
2. 對廣告趨勢及消費市場有一定敏銳度，能靈活監控並分析廣告投放成效
3. 須有良好跨部門溝能力，並具獨立作業能力與多工處理能力
4. 具抗壓性，能帶領團隊達成公司設定之廣告績效。"
JW_知名電商公司_文字客服專員,台北市信義區,(派遣)瑞星管理顧問股份有限公司,月薪 3萬~4萬元,"1.維護前後台系統、流程、活動。
2.運用線上文字解決顧客問題。
3.透過客服電子郵件提供用戶正確且有效的解答。
4.協調跨部門案件溝通。
5.深入了解使用者的需求並且適時提供產品/流程/活動等反饋與建議。

公司介紹：
公司為東南亞增長最快的行動電商品牌，同時更是台灣最大的行動電商品牌。

加入後可以得到：
1.了解電商操作、行銷策略、後台營運及大數據分析。
2.工作環境充滿歡樂及挑戰
3.具備各種員工福利、多元的教育訓練及完善的升遷機制。

輪班制度：
早班:9:00-18:00
晚班:13:00-22:00(津貼加給350/天)
小夜班:16:00-01:00(津貼加給450/天)"
【知名電信】資料分析技術處/資料倉儲工程師,高雄市三民區,(派遣)元亨利通管理顧問股份有限公司,月薪 3.2萬~5萬元,"依據行銷業務與數據分析需求，
開發資料倉儲(Data Warehouse)、
資料超市(Data Mart)、雲端數據分析 應用系統。資訊工程學類,電子工程學類"
【遊戲企業】遊戲伺服器主程,新北市板橋區,(獵頭)Accurate愛客獵股份有限公司(1111 高階獵才),面議（經常性薪資4萬含以上）,"1.負責並參與遊戲構架設計、系統設計、部署設計、核心模組研發。
2.負責並參與線上游戲的維護、bug修復以及監控伺服器的健康狀況。
3.負責並參與遊戲數據分析、管理後臺、客服工具的設計與開發。
4.保證代碼品質與運行效率，具備專案代碼調優、優化的能力。"
人資經理_知名餐飲集團 (3005657),新北市新莊區,(獵頭)Accurate愛客獵股份有限公司(1111 高階獵才),面議（經常性薪資4萬/月含以上）,"職責要求
1.協助組織建立制度與形塑企業文化
2.策劃及訂定人力資源包含選、用、育、留發展計劃
3.分配人力資源，確保人員之間的適當匹配與有效運用
4.確保公司之薪酬管理制度能達到內部均衡性及對外競爭力
5.策劃全公司之各項福利政策與措施
6.人力資源大數據分析、分析統計數據和報告，確認人員問題的主因並提出優化政策和建議

 任職資格
1.大學以上,人資相關工作10年以上
2.需有大型連鎖人資主管5年以上經驗
3.具資深薪酬及招募實際經驗"
"MG-外商生技公司 徵 業務助理,近捷運港墘站)",台北市內湖區,(派遣)新加坡商立可人事顧問有限公司(Recruit Express),月薪 3.3萬~4萬元,"Job Distribution:
•	Enter Sales order and purchase order into SAP B1 and place PO to factories by e-mail. 
•	Follow up on order status and ship date to ensure on-time delivery 
•	Update the PO contents, order status and shipping schedule in share folder for relative people reviewing. 
•	Review, update and manage all open orders and backlog reports 
•	Ask factory issue credit note for damaged goods / replacement / Exchange order. 
•	Handling abnormal goods acceptance for incorrect shipment. 
•	Apply for payment & credit note for intercompany import goods. 
•	New parts number application for order. 
•	Provide / update weekly reports : sales report, CMD shipped items without invoice, backlog report…. 
•	Order related Docs filing. 
•	Manage / Maintain /Update SAP B1 data : Create the new customer data, customer master data, selling price, review, maintain material master data obsoleted product information, replacement, transfer price, factory… etc. 
•	Issue invoices : Send invoices to customer by email or post office/courier to customer. 
•	Contract scanning and filing

Qualifications:
-A Diploma/Degree preferably in Life Science discipline or Business/Supply Chain disciplines.
-2-3 years of Customer Care and Order Fulfillment experience. Proven records of accomplishments in Customer Care or other departments are considered a plus.
-Speaks fluently and writes well in English & Mandarin/Chinese. 
-Knowledge of Oracle Enterprise One (E1) or SAP will be an added advantage."
MG-外商 徵 Payroll Specialist/Supervisor,台北市內湖區,(派遣)新加坡商立可人事顧問有限公司(Recruit Express),面議（經常性薪資4萬/月含以上）,"Job Distribution:
•Manages the processing of payroll for both hourly salary employees and monthly salary employees
•Calculates monthly payrolls, including benefits, holiday pay, standard deductions, taxes and/or prepares payroll data for machine processing, often against tight deadlines
•Calculates year end taxable income record filing report
•Activities include accounting, distributing and preparing payments, benefits, taxes, and payroll deductions; calculating overtime, shift payments, maintaining payroll records
•Posts payroll data for pay slip showing all necessary information (gross pay, adjustment items and net pay)
•Ensures the computing skill (advanced excel function), withholding and calculating deductions associated with net pay done is properly including local law withholding and social security insurances
•Responsible for entering and maintaining all payroll journal entries to the general ledger and reconciliation of the payroll bank account
•Communicates with employees with regards to individual salary and deduction consideration
•Creates analytical reports for corporates and country management
•Responsible for Taiwan’s payroll policy
•Responsible for calculating the effect of changes in the employee populations or changes in laws and by-laws
•Established expertise in the fields and provides counsel and advisory to management
•Process paperwork for new employees and data entry into the payroll system
•Perform daily administrative tasks such as maintaining related files and data
•Familiar with business model and practice especially event system, tablets process and related report analysis for hourly salary employees data management
• Other duties as assigned

Qualifications:
• Bachelor‘s Degree or equivalent
• Minimum 3~5 years‘ payroll experience
• Payroll experience in the business with more than 500 employees preferred
• Payroll experience in outsourcing payroll company or hourly wage employees preferred
• Accurate and detail oriented
• Self-starter with ability to work successfully in a team or work independently as appropriate
• Ability to maintain confidentiality and the security of employee personal information
• Experience in Apollo payroll and human resource management system preferred"
701J-Sourcing specialist (美商維修設備工業銷售商),台中市西區,(派遣)萬寶華企業管理顧問股份有限公司,面議（經常性薪資4萬/月含以上）,"1.Manage sourcing for categories not represented by Sourcing Leads in a region from New Supplier Identification, arranging RFQ and execution of awarded programs in timely manner.
2.Provide data and information to Sourcing lead and Sourcing Manager for supply base analysis.
3.Resolving Quality issues directly with assigned suppliers and support QAR management process
4.Develop and manage broad and deep supplier relationships with assigned suppliers to optimize financial and operational performance.
5.Negotiate with assigned supplier relationships to ensure lowest total cost of procurement and various commercial terms and performance Metrics.
6.Maintain Cost inflation and supplier performance data reporting for the entire category aligned with Sourcing Manager.
7.Responsible for securing compliance to terms and conditions of Supplier Agreement Letter.
8.Implementation of service metrics by driving supplier performance measured by on-time delivery, quality, compliance etc.
9.Collects Market Intelligence data on Suppliers , Competition , Commodity Trends and Best practices企業管理學類,貿易學類"
急徵-HR Administrator I (新北市土城-美商 光學通訊製造業),新北市土城區,(派遣)萬寶華企業管理顧問股份有限公司,月薪 2.6萬~3.2萬元,"Education: Bachelor Degree – HR Management or business admin
Work experience: 1-2 HR experiences

Day to Day Responsibilities:
1.. Time off management
- Daily staff attendance status confirmation and abnormal management.
- Daily staff leave & overtime review and data maintenance.
- Daily time and attendance system maintenance
- Monthly employee shift schedule review.
- Statistics of monthly attendance hours of Temp.

2.HR related data management and analysis
- Monthly employee attendance report statistics

3.Department administration
-Filing and sorting of various documents in the department every month
-Management of the monthly payment request process
-Employee certification form production

Required Skills
1.Familiar with Taiwan‘s labor laws and related regulations。
2.Good at Excel、Word、PPT"
(JP) BackOffice Specialist,台北市松山區,(派遣)新加坡商立可人事顧問有限公司(Recruit Express),面議（經常性薪資4萬/月含以上）,"BackOffice Specialist

●   Issue daily reports based on internal/external systems;
●   Collect data and do filing properly via CRM system;
●   Co-operate with Customer Service to resolve any cases;
●   Report to Technical team if any system issues;
●   Assist supervisor to complete other duties assigned."
【外商】軟體測試工程師-G19,新北市新店區,(獵頭)(代招)(派遣)精英人力資源股份有限公司,面議（經常性薪資4萬/月含以上）,"外商軟體龍頭在台招募【軟體測試工程師】，歡迎想挑戰在多元化的團隊；與全球同事合作的；追求快速成長環境的你應徵。
工作內容如下：
•Collect test images and verify the quality for camera features.
•Run camera Android Compatibility Test Suite (CTS) for projects.
•The data preparation and analysis for camera image quality.
•Collection of image data set for ML training and simulation.
•Maintain and develop test tools.
•Experience on C++ and Python programming.


福利：
★ 外商工作環境，備有餐點/零食/健身設備。
★ 第一年即享15天年假。
★ 加保團體保險。
★ 佳節小禮。"
【外商公司】AP Accountant,新北市板橋區,(派遣)輔仁人力資源股份有限公司(輔仁企管股份有限公司),月薪 3.5萬~3.8萬元,"Job Scope:
• Responsible for payable invoice matching and PO matching process.
• Responsible for invoice matching defect checking and audit.
• Communicate with suppliers or buyers to let invoices well-matched without variance issue.
• Cash Forecast for Accounts Payables.
• Hardcopy invoices filing.
• Provide the data for payable analysis request.
• Other tasks assigned by direct manager.

Other condition:
* University graduate with major in accounting or finance.
• At least 1 years of working experience in the finance function.
• Fluent in English and Chinese (Excellent in listening, Speaking, Reading and Writing).
• Excellent communication and interpersonal skills and can work under pressure.
• Proactive and can-do attitude.
• Accurate data input.
• Good and prompt reaction for urgent tasks.
• Knowledge of Oracle Cloud, SAP and MS Office is preferred.會計學類"
People Ops Generalist 人資專員,台北市大安區,(派遣)新加坡商星業科技有限公司台灣分公司,月薪 4萬元以上,"What You’ll Be Doing
■ You will serve as the subject matter expert for all People Operations matters, internal guidelines and policies for Taiwan.
■ Manage all HR data for the Taiwan office, including maintenance of our HRIS and ensuring accurate, up-to-date data.
■ Execute employee onboarding and off-boarding administrative work, digital documentation and follow-up
■ Participate in regional projects or initiate programs to enhance the overall employee experience. Any other HR-related matters, as requested by the supervisor

Why You Should Join Us
■ Solve real problems - We are in the thick of helping to scale a rapidly growing start-up, and this gives us plenty of opportunities for collaborative problem-solving, alongside continuous learning and growth. As valued partners, we work closely with our leadership team and people managers to shape the right retention and people development initiatives and efforts for team members based on business and people strategy, market practice and competitiveness as well as comply with local labor law
■ Impact - We’re building up the People function and capabilities across the company in order to truly put people at the heart of what we do, and we are always looking to do things better. This means we are able to make a positive, immediate impact, every single day!
■ Our team - The People team is a mission-driven, outcomes-focused bunch that just wants to deliver the best for Glints and our Glintstars. We are also extremely fun-loving - the work may be tough, but that doesn’t stop us from having fun doing it!"
"MG-知名港商 徵 採購助理,薪2萬8起 近捷運松山站",台北市松山區,(派遣)新加坡商立可人事顧問有限公司(Recruit Express),月薪 2.8萬~3.3萬元,"工作期間：報到日起6個月
工作內容：
1.     執行促銷檔期規劃. Promotion planning and execution
2.     相關商品資料維護. Product data maintenance
3.     協助採購行政流程作業. Purchase and order processing
4.     外部廠商聯繫和公司內部跨部門溝通合作External vendor contacts and internal cross-department communication

工作經驗及要求
1.     1 年以上行政文書工作經驗。
2.    對零售產業的採購有興趣。
3.     熟Word、Excel、PPT。
4.     喜歡團隊合作!"
Product Owner 產品負責人(台北)_知名軟體公司 (3005169),台北市南港區,(獵頭)Accurate愛客獵股份有限公司(1111 高階獵才),面議（經常性薪資4萬/月含以上）,"職責要求
- As a product owner, you need to consolidate current product status, and reports.
- Work closely with different teammates to drive the product development process.
- Smoothly convey and communicate with teams and stakeholders.
- Manage, control the product documents, keep them frequently updated and well organized.
- Executive assignments by upper management.

 任職資格
- 2 + work experiences (Preferred, internet or software industries.)
- Proficiency in computer skills, e.g. MS office,
- Eager to learn, self-motivation, team player and have got things Done mindset.
- Independent thinking ability to evaluate item value and arrange the priorities.
- English proficiency, (verbal and writing)
- Must be able to work in high-stress situations.
- Good data analysis skills and logic thinking."
【美國醫療儀器大廠】Cash Management (KAS_834),台北市中山區,(派遣)藝珂人事顧問股份有限公司,月薪 4萬~5.5萬元,"【工作內容】
• Responsible for commercial data submission to Company China HQ during closing and budgeting. Mainly focus on SG&A, PP&E and PD/unbilled forecast.
• Management SG&A and PP&E for Company HKTW level.
• Management customer/dealer credit assessment and payment term.
• Intensively collaborating with AR/Collection Team. Ensure accounting accuracy of cash application, general/specific reserve and write-offs.
• Take care of all bank related tasks as main contact window to banks.
• Operate system for all cash related requirements, including LC/guarantee/performance bond/bidding document….
• Be flexible to take ad hoc assignments per business needs.

如對職缺有興趣者，可直接投遞履歷
02-7718-8834
andy.kuo@adecco.com"
NL-【MarTech】 Customer Success Manager,台北市中正區,(派遣)卓恩管理顧問有限公司,面議（經常性薪資48萬/年含以上）,"•	Successfully manage a portfolio of customers and prioritize amidst multiple competing priorities, escalations, and deadlines.
•	Develop a deep understanding of a client’s business, brand, industry, and consumers/customers – as well as the role of consumer and influencer insight in bringing their commercial ambitions to life
•	Apply domain/technical knowledge of the platform, best practices, and customer insights to remove blockers to proactively support customers.
•	Drive customer satisfaction, retention and organic growth through Value Realization processes and Quarterly Business Reviews
•	Collaborate closely with Sales to support pilot customers, renewals, and expansion opportunities
•	Understand customer outcomes by communicating with customers, analyzing customer health metrics, running NPS and gathering other feedback
•	Collaborate with our tight-knit product and technology team to align with, improve and develop processes.
•	Act as an advocate for the client and bring back structured requests or feedback to the product team and work with the product team to be one of the key contributors to define client requirements, features and improvements.
•	Establish and improve service procedures, policies and standards through best practices
•	Keep accurate records and document customer service actions and discussions
•	Analyze statistics and compile accurate reports
•	Maintain an orderly workflow according to priorities
•	Present needs-based value adds solutions and high-quality responses to client requests – from contextual understanding through to research approach and pricing
•	Take responsibility for positively building client relationships over time as their go-to trusted advisor in the Consumer Engagement, Insights and Influence Space"
知名企業新事業體_Game Server- Backend SW Engineer,台北市內湖區,(獵頭)Accurate愛客獵股份有限公司(1111 高階獵才),面議（經常性薪資4萬/月含以上）,"Seeking a server engineer to develop various kinds of network services to bring online gaming experiences to our players
1. 遊戲API伺服器開發，新功能開發
2. 遊戲後台功能製作"
(英文)Global Sales Manager 業務管理經理ー知名外商電子公司(15608-PH),台北市中山區,(獵頭)(代招)立樂高園股份有限公司,月薪 20萬~30萬元,"【公司概要】
公司為知名外商電子公司，也是設計/製造/行銷的OBM&ODM供應商

【工作內容】
1. Process sales orders (PO acknowledgements, entry, routing, back order management, invoicing, maintenance of order related data in customer system)
Main contact for customers relating to sales orders, deliveries, sales return, bill-back data, and payments
2. Define ordering route among MGL‘s branches worldwide, maintain customer data and inter-company price list in ERP system to ensure the accuracy of sales operation.
3. Act as back up for order processing and customer support
4. Support sales and marketing teams on prices, delivery updates and product availability and others
5. Daily review and reconciliation of customer orders and backlogs. Ensures that backlogs are timely resolved through proper escalation within the respective organization
6. Participate in forecast process with Sales, align with operations team to improve forecast accuracy
7. Handle daily inquiries from customers or sales team.
8. To Resolve promotional allowance, rebate, and pricing discrepancies.
9. To Sync and issue the AP/AR balance report between customers and company, ensuring that both sides are always on the same page.
10. Acknowledgement of SAP operation, SD & MM view is preferred; fulfillment PM experience is a plus.

【福利制度】
＜法定＞
勞健保
加班費
各種休假(特別休假、婚假、喪假、生理假、產檢假、陪產假、產假、育嬰假)
退休金

＜公司福利＞
-到職第一年即享有帶薪休假，全年休假天數十天以上
-完整醫療(含疾病住院、癌症醫療)及意外團體保險
-外勤人員汽車補助津貼與油耗補貼
-內勤人員每月停車補貼
-內外勤人員皆享有每月手機費用補貼
-員工每季購書補貼
-員工健身福利計劃
-中秋、端午購物禮券
-半年會：海外員工旅遊活動
-年會：優秀員工激勵表揚，晚宴活動與摸彩活動
為鼓勵優秀員工長期久任，公司提供：
-服務滿兩年員工購車無息貸款計畫
-服務滿四年員工購房無息貸款計畫
-服務滿六年員工退休年金保障規劃


【更多職缺】
https://www.reeracoen.tw/zh-tw/jobs/search"
[Uber Eats] Operation Specialist 生鮮雜貨市場CRM專員_SMS_855,台北市信義區,(派遣)藝珂人事顧問股份有限公司,面議（經常性薪資4萬/月含以上）,"[Uber Eats] Operation Specialist 生鮮雜貨市場CRM專員

此部門為Uber Eats的新事業部門(New Verticals)，主要負責生鮮雜貨、日常用品、美妝、醫藥與零售領域產品的外送服務，將是Uber Eats的新發展事業。此職缺主要協助廣告投放或線上行銷等CRM(顧客關係管理)活動，並透過數字成效優化，希望藉此增加使用用戶，或使舊用戶重複使用外送服務

如果你有廣告投放、數據分析、CRM、社群行銷等行銷經驗/思惟，並對於外送產業有興趣，歡迎應徵，有相關經驗/能力的應屆畢業生，也歡迎喔！

[About the Role]
Uber Eats New Verticals is one of Uber‘s newest global-in-scope services, with Grocery, Convenience Store, Cosmetics, Pharmacy, and Retail segments, which is our next 10^10 business.
You will be executing our CRM campaigns across different channels (in-app banner, email, push notifications, SMS, etc.), optimizing customer experience by improving communications, and deriving actionable insights from the data.

[Responsibilities]
1.	Drive and execute lifecycle communications across different stages of the customer journey from customer acquisition, engagement to churn management.
2.	Plan and execute CRM campaigns from campaign design, optimization to activation implementation.
3.	Track campaign results and optimize communications by designing and running experiments or A/B testing.
4.	Co-evaluate campaign effectiveness with data analysis tools (e.g. MS Excel, SQL, and internal CRM tools) to monitor key metrics and provide actionable insights and recommendations.
5.	Work closely with cross-functional teams including Marketing, Public Relations, Accounting Manager, and Legal to deliver works.
6.	Streamline regular working processes by leveraging global resources and systems.
7.	Bring fresh ideas to the team and initiate innovative events proactively.

[Key Requirements]
- Minimum years (0-2 years) of experience in data-driven Marketing/ Communications/ CRM. Creative experience is a plus.
- Experience in a Media/ Entertainment/ Advertising/ FMCG company preferred.
- Proficient in MS Excel (Google Sheet); knowledge of Adobe Illustration
- Strong organization, planning, and project management skills with a detail-oriented mentality.
- Ability to take initiative in a constantly changing work environment with a hands-on and self-driven attitude.
- Good command of reading and written English is a plus."
【荷商製藥龍頭】Recruitment Assistant (KAS_834),台北市中正區,(派遣)藝珂人事顧問股份有限公司,時薪 170~200元,"【工作內容】
Role Purpose
1. Deliver recruitment service to diversified BUs in an efficient and effective way to meet business and organization development needs.
2. Ensure recruitment related policy, process, procedure, and program to be implemented and complied in daily operation.
3. Assist manager on first line managers’ knowledge and skills development around recruitment related policy, procedure, and skill.

Key Accountabilities/Responsibilities
Recruitment
1. Collect hiring requirements
2. Job posting in recruitment platforms e.g.
3. CV screening
4. Candidate engagement
5. Interview arrangement including panel interviews
6. Pre-Onboarding engagement
7. Offering and onboarding
8. Data analysis and PPT presentation support

Working Hour: 3 or 4 days per week


如對職缺有興趣者，可直接投遞履歷
andy.kuo@adecco.com"
[全球最大離岸風力發電機製造商] Commercial Project Manager (Contractor),台中市龍井區,(派遣)萬寶華企業管理顧問股份有限公司,面議（經常性薪資4萬/月含以上）,"【Responsibilities】
1. Contributes to the development of the standards and guidelines for purchase and sales transactions, incl. external lease contracts and/or leads external transaction projects.
2. Coordinates and controls various transaction activities for the Taiwanese regional market.
3. Initiates and fosters business relationships with investors, developers, consultants and landlords.
4. Supports others with market data on real estate objects, locations etc.
5. Preparation of monthly, quarterly & annual budgets & forecast submissions
6. Support in negotiations & development of the contract framework between company and external parties

Requirements:
• Degree in financial background
• Good English communication and presentation skills
• Good problem-solving skills
• Knowledge of commercial construction/ real estate, and of procurement / project management are an advantage


*本職缺為派遣工作，派遣一年一簽"
知名英商_行政人員 (台北市信義區，近市政府站),台北市信義區,(派遣)萬寶華企業管理顧問股份有限公司,月薪 2.8萬~3萬元,"主要職責
1. Support daily operations, project administration, filing, and ad-hoc tasks in relation to management of risk management, information security, privacy protection, and business continuity.
2. Support internal and cross function communication, and fulfill ticket requests.
3. Support data collection, reporting, and slide preparation by MS office.
4. Track follow-up items of internal staff and supervisors or Group connections.
5. Support meeting arrangements/minutes and translation for English/Chinese.

需求條件:
1. 熟悉MS office軟體: PowerPoint, word
2. 細心
3. 良好的溝通能力
4. 英文讀/寫能力中等
5. 1~2年工作經驗(行政職經驗)

＜此為派遣職，依工作表現續約＞"
【知名外商遊戲公司】Server Engineer (Infrastructure),台北市松山區,(獵頭)Accurate愛客獵股份有限公司(1111 高階獵才),面議（經常性薪資4萬含以上）,"1.Deploy highly available, scalable and secure cloud infrastructure with a focus on AWS (Azure and GCP is a plus) using industry best practices.
2.Define and implement infrastructure migration methodologies and techniques to migrate workloads into AWS.
3.Design and develop automation to support continuous delivery and continuous integration process.
4.Drive cloud security and compliance requirements into the cloud architecture framework, including for the data integration points with on-premise and other cloud systems.
5.Experience with on-premises infrastructure as well as public and hybrid cloud methodologies.
6.Should have executed critical projects pertaining to above stack combination at Enterprise level in terms of DevOps,automation and migration design approach model
7.Troubleshoot and debug infrastructure, network, and operating system issues"
Manufacturing Infra Engineering_某知名顧問公司 (3004349),桃園市龜山區,(獵頭)Accurate愛客獵股份有限公司(1111 高階獵才),面議（經常性薪資4萬/月含以上）,"職責要求
1. Responsible for the design, deployment, support, and continuous monitoring and alerting of manufacturing systems and network infrastructure
2. Drive scalable, highly available and performant service deployments for core functions on the line such as Active Directory, BitLocker, MySQL, Symmetric DS, AWS, and custom-built applications
3. Maintain all stations on the line: Troubleshooting, Break/Fix, Imaging and Replacement
4. Understand metrics for measuring success and performance of services to ensure service performance, scalability, stability and security for both existing and new service deployments.
5. Work closely with software and data engineering teams to ensure application environments and infrastructures are built and closely optimized for each other
6. Integrate security into all layers of the environment in order to protect sensitive data stored on systems at third party sites and in cloud environments
7. Ensure excellent support, stability and maximum uptime for manufacturing systems and network infrastructure across globally dispersed sites and cloud environments
8. Provide onsite support as assigned
9.Communicate timelines, service dependencies, resource constraints and progress with key stakeholders quickly and effectively
10.Domestic and International travel required: up to 20％.

任職資格
1. Bachelor’s degree in Technical degree
2. 5+ years of Linux and MySQL experience. (CentOS/Ubuntu).
3. 3+ years of scripting experience (Python, Docker, SNMP).
4. 3+ years of experience in configuration management (Chef, Puppet, SCCM).
5. Solid understanding of server hardware and sizing, hypervisor technologies (VMware ESX/ ESXi/ vSphere), and cross-platform integrations (i.e. heterogeneous operating system support)
6. Solid understanding of IDF server room design, requirements, operation
7. 3+ years of experience with networking principles, firewalls, load balancers
8. Basis English––-oral and written"
【美商3M】訂單管理專員-台北南港,台北市南港區,(派遣)萬寶華企業管理顧問股份有限公司,面議（經常性薪資4萬/月含以上）,"SAP Master data
-Create PIR/SL, maintain XREF table, maintain costing SPK, ensure materials are properly costed by RTR
-Vendor setup
-Request new vendor setup, new vendor extension, add output conditions for new vendor
-
-PO conversion errors
-Monitor PO conversion for failures
-Retrigger PO to SOS if necessary
-Order Management
-Update changes in shipping mode
-Run STO hold report and resolve hold errors
-Monitor and resolve ASN/POA/idoc errors
-Monitor late/overdue POs.
-Expedite with SOS, missing shipping documents.
-Inbound Discrepancy Management
-Inbound receiving error, CFR
-AP Invoice/3-way match



給假優於勞基法-每年多七天彈性休息日
三節禮金/年終獎金
3M產品員工價優惠"
Game Server- Backend SW Engineer(課級~理級),台北市內湖區,(派遣)優力華人力資源管理顧問有限公司,面議（經常性薪資4萬/月含以上）,"[工作內容]
Seeking a server engineer to develop various kinds of network services to bring online gaming experiences to our players
1.遊戲API伺服器開發，新功能開發
2.遊戲後台功能製作

[工作能力需求]
1.Knowledge of computer science fundamentals including
2.Data structure and algorithm  
3.Computer architecture and operating systems 
4.Computer networks 
5.A minimum of 4 years programming experience in an object-oriented or functional programming languages 
6.Self-motivation 

[其他說明]
1.Experience with container technology (Docker, Kubernetes) 
2.Familiar with MySQL, MongoDB or PostgreSQL 
3.Familiar with Python or Golang 
4.Familiar with client/server architecture 
5.Experience with developing web servers"
"JL - [外商約聘] - Planner(供需計畫/物料規劃管理師) - 月薪35~50K (英文精通, 保障13個月薪資)",台北市松山區,(派遣)新加坡商立可人事顧問有限公司(Recruit Express),月薪 3.5萬~5萬元,"Supply Demand Planner供需計畫管理師
Materials Planner 物料規劃管理師

Supply Demand Planner供需計畫管理師
 工作經驗：5年以上
 其他條件：
 1. 熟MS Office 應用
 2. Strong at Excel formulas and pivot table
 3. Familiar with Oracle is a plus
 工作地點：北市松山區敦化北路
 薪資待遇：月薪NT$ 35,000元 ~NT$ 50,000元
 工作內容：
1. Extract system reports and prepare supply and demand planning form
2. Work with other team on supply and demand planning and make adjustment
3. Review and approve Purchase Request
4. Issue Purchase Order, follow up shipments, and assist on Accounts payable issues
5. Procurement and inventory data analysis
6. Other tasks assigned by supervisors

Materials Planner 物料規劃管理師
 工作經驗：5年以上
 其他條件：
 1. Familiar with BOM
 2. Must have 2-year Materials Planning experience for finished good production
 3. Familiar with Oracle is a plus
 4. Require to travel and work on-site at least once a week in Zhongli factory
 5. Strong at Excel formulas and pivot table
 6. MS office
工作地點：北市松山區敦化北路
 薪資待遇：月薪NT$ 35,000元 ~NT$ 50,000元
 工作內容：
 1.Extract system reports to analyze demand trends, including procurement, production, and inventory data analysis
 2. Review BOM list, common item list, and production plan at different sites to prepare materials demand planning form
 3. Prepare Purchase Request and work with buyers to track supply status
 4. Discuss with different teams and allocate materials among different sites based on demand, supply, and stock status
 5. Other tasks assigned by supervisors"
T041【日商】半導體設備商助理工程師(中科),台中市西屯區,(派遣)1111人才獵聘管理中心,月薪 3.5萬~5萬元,"工作內容：
(1)支援現場設備機台維護、故障排除相關工作
(2)協助工程師作業
(3)依照SOP於無塵室執行機台操作
(4)裝機作業協助
(5)Data文書資料紀錄、彙整及分析
(6)夜勤另有津貼

福利：
(1)保障年薪14個月+績效獎金
(2)年度調薪
(3)優於法定特休
(4)各式禮金
(5)員工宿舍........等優質福利給予

歡迎加入1111人力銀行E專員官方LINE@帳號
可直接詢問工作內容、預約面試或與專員對談哦！
ID：@eqn4050b"
【台灣佈局最完整的美商】Network Engineer(派遣中/南科玻璃基板大廠),台中市西屯區,(派遣)萬寶華企業管理顧問股份有限公司,面議（經常性薪資4萬/月含以上）,"超過165年以來，外商將其在玻璃科學、陶瓷科學和光學物理領域的精湛專業知識與深厚的製程和工程能力相結合，開發出眾多改變人們生活的創新成果和產品，成為五大關鍵市場的產業領導者。
於1971年進入台灣，為第一家在台灣設立LCD玻璃基板工廠並製造的供應商，在台中中部科學園區和台南科學園區建立了最現代、最高效率的生產工廠，提供市場領先技術製造高品質LCD玻璃基板。


ROLES AND RESPONSIBILITIES:   
Perform network design, configuration, deployment, execution and tier 4 operational support of Network WAN and LAN environments.  Support network solutions including routing, switching, WAN optimization, load balancing, SDDC and SDWAN environments. For these services the candidate will:  
1. Design, configure, deploy, maintain, and administer network connectivity supporting Corning distributed locations, manufacturing plants and data centers, inclusive of WAN, LAN, network software, hardware, and tools 
2. Implement and support Data Center Network LAN distribution, Internet Edge, Cloud Connectivity, and appliances 
3. Troubleshoot, diagnose, and resolve hardware, software, and other network and system problems
4. Participating in root cause analysis on incidents, helping to drive identification of preventative actions meant to ensure problems don’t recur, and delivering on the tasks within those actions 
5. Create, review, update, and vet technical functional specification, low-level network solutions design documentation and operations guides/runbooks, ensuring those are complete, correct and kept current資訊工程學類"
美商玻璃基板大廠-廠務空調工程師 Process  Environment Engineer,台中市西屯區,(派遣)萬寶華企業管理顧問股份有限公司,面議（經常性薪資4萬/月含以上）,"*公司介紹：
外商公司已有165年歷史，於1971年進入台灣，為第一家在台灣設立LCD玻璃基板工廠並製造的供應商，在台中中部科學園區和台南科學園區建立了最現代、最高效率的生產工廠，提供市場領先技術製造高品質LCD玻璃基板。

工作內容與條件：
1.機械背景或冷凍空調科系，有無塵室經驗
2.需要進入無塵室工作，維持暖氣通風空氣調節和空調系統的優化
3.三年以上晶圓廠建廠或運轉經驗
4.疫情穩定後，需要出差，海外出差約15％，但若需要隔離，就會以台灣出差為主，屆時會依疫情狀況調整
5.英文中等程度

Job Description：
Scope of position：
Work with BOD (Bottom of drawing), Finishing, Inspection, and Packaging process areas for environmental optimization.
Work with expansion, rebuild, construction teams for new HVAC design and better enclosure capability.
Lead process change for quality improvement in Division-wide.
Define/refine base case of finishing attributes for process optimization improvement.
Review and analyze process data, performance, product data and respond to the result.
Plan, execute, tracking and document experimental design.
On site supervisor with external vendor and watch out the safety rule.

Education and Experience：
BS Engineering degree.
HVAC or Semiconductor cleanroom operation equivalent experiences.  
3 years work experiences.
Construction experiences of  C or Semiconductor cleanroom.

Required skills：
Cleanroom operation experience, skill and knowledge
Experiment design and data analysis skill
Project management skill.
Teamwork and communication skill.
Ability to work in different regions.
Mange external vendor.
English communication in written and verbal

Desired skills：
HVAC design for class 10 Cleanroom system including MEP system.
Experience with cleanness control in multi-process production Fab.
Experience with AutoCAD or SolidWorks - capable of reviewing drawings and models
Experience in DMAIC methodology and 6-sigma project.
Use simple statistical tools and Designed Experiments (DOE) in process problem solving.
Thermal and fluid dynamics knowledge background - capable of reviewing the design calculation.
High level Excel using.
Chemistry-related knowledge.

Soft skills：
Logical thinking for problem solving
Cross-cultural sensitivity.
Report and presentation skill.
Excellent communication and interpersonal skills, planning and organizing, building cross functional relationship.
Patience and perseverance.
Adapt to changing and fast-paced work.
Agile resilience.
Handle and arrange multiple tasks at the same time.

*本職缺為派遣工作，派遣一年一簽"
【廠務工程師_Process Environment Engineer】派遣至中科美商-全球最大液晶螢幕玻璃基板大廠,台中市西屯區,(派遣)萬寶華企業管理顧問股份有限公司,面議（經常性薪資4萬/月含以上）,"*公司介紹:
外商公司已有165年歷史 於1971年進入台灣,為第一家在台灣設立LCD玻璃基板工廠並製造的供應商，在台中中部科學園區和台南科學園區建立了最現代、最高效率的生產工廠,提供市場領先技術製造高品質LCD玻璃基板.

工作內容

1. 機械背景,冷凍空調科系,希望有半導體廠/無塵室經驗
2. 廠內因切割玻璃產生的粉塵,進行空氣汙染的優化
3. 和不同的工程段合作,進行環境優化
4. 需要進入無塵室工作, 約占20％
5. 帶領廠商做工程, 要有控廠/跟催工程進度的能力
6. 三年以上晶圓廠建廠或運轉經驗
7. 疫情穩定後,可能需要出差, 海外出差比列約15％, 但若需要隔離,就會以台灣為主, 屆時會依疫情狀況調整
8. 英文中等程度
9. 有AutoCAD or SolidWorks經驗,可以reviewing drawings and models加分

Scope of position:
• Work with BOD (Bottom of drawing), Finishing, Inspection, and Packaging process areas for environmental optimization.
• Work with expansion, rebuild, construction teams for new HVAC design and better enclosure capability.
• Lead process change for quality improvement in Division-wide.
• Define/refine base case of finishing attributes for process optimization improvement.
• Review and analyze process data, performance, product data and respond to the result.
• Plan, execute, tracking and document experimental design.
• On site supervisor with external vendor and watch out the safety rule.
Education and Experience:
• BS Engineering degree.
• HVAC or Semiconductor cleanroom operation equivalent experiences.
• 3 years work experiences.
• Construction experiences of HVAC or Semiconductor cleanroom.
Required skills:
• Cleanroom operation experience, skill and knowledge
• Experiment design and data analysis skill
• Project management skill.
• Teamwork and communication skill.
• Ability to work in different regions.
• Mange external vendor.
• English communication in written and verbal
Desired skills:
• HVAC design for class 10 Cleanroom system including MEP system.
• Experience with cleanness control in multi-process production Fab.
• Experience with AutoCAD or SolidWorks - capable of reviewing drawings and models
• Experience in DMAIC methodology and 6-sigma project.
• Use simple statistical tools and Designed Experiments (DOE) in process problem solving.
• Thermal and fluid dynamics knowledge background - capable of reviewing the design calculation.
• High level Excel using.
• Chemistry-related knowledge.
Soft skills:
• Logical thinking for problem solving
• Cross-cultural sensitivity.
• Report and presentation skill.
• Excellent communication and interpersonal skills, planning and organizing, building cross functional relationship.
• Patience and perseverance.
• Adapt to changing and fast-paced work.
• Agile resilience.
• Handle and arrange multiple tasks at the same time資訊科學學門"
